{\n  "fr": "https://www.amazon.fr/",\n  "en": "https://www.amazon.co.uk/",\n  "de": "https://www.amazon.de/",\n  "es": "https://www.amazon.es/",\n  "it": "https://www.amazon.it/",\n  "pt": "https://www.amazon.com.br/",\n  "nl": "https://www.amazon.nl/",\n  "pl": "https://www.amazon.pl/",\n  "se": "https://www.amazon.se/",\n  "be": "https://www.amazon.com.be/",\n  "tr": "https://www.amazon.com.tr/",\n  "jp": "https://www.amazon.co.jp/",\n  "us": "https://www.amazon.com/",\n  "ca": "https://www.amazon.ca/"\n}